{
  "pool": {
    "title": "Обращения/FAQ Q4 2025 (min)",
    "description": "question/answer/keywords",
    "year": 2025,
    "revision": 2,
    "schema_version": "1.1.0"
  },
  "categories": [
    {
      "path": "faq",
      "title": "FAQ (min)"
    },
    {
      "path": "answers",
      "title": "Ответы (min)"
    }
  ],
  "attachments": [
    {
      "category_path": "faq",
      "filename": "faq_min.json",
      "mime_type": "application/json",
      "source": "local",
      "content_path": "/mnt/data/hack_moscow_work_rebuild/hack-moscow/import_payload/faq_min.json"
    },
    {
      "category_path": "answers",
      "filename": "answers_min.json",
      "mime_type": "application/json",
      "source": "local",
      "content_path": "/mnt/data/hack_moscow_work_rebuild/hack-moscow/import_payload/answers_min.json"
    }
  ]
}