{
  "Термин 1": "Отраслевой термин №1 (заглушка).",
  "Термин 2": "Отраслевой термин №2 (заглушка).",
  "Термин 3": "Отраслевой термин №3 (заглушка).",
  "Термин 4": "Отраслевой термин №4 (заглушка).",
  "Термин 5": "Отраслевой термин №5 (заглушка).",
  "Термин 6": "Отраслевой термин №6 (заглушка).",
  "Термин 7": "Отраслевой термин №7 (заглушка).",
  "Термин 8": "Отраслевой термин №8 (заглушка).",
  "Термин 9": "Отраслевой термин №9 (заглушка).",
  "Термин 10": "Отраслевой термин №10 (заглушка).",
  "Термин 11": "Отраслевой термин №11 (заглушка).",
  "Термин 12": "Отраслевой термин №12 (заглушка).",
  "Термин 13": "Отраслевой термин №13 (заглушка).",
  "Термин 14": "Отраслевой термин №14 (заглушка).",
  "Термин 15": "Отраслевой термин №15 (заглушка).",
  "Термин 16": "Отраслевой термин №16 (заглушка).",
  "Термин 17": "Отраслевой термин №17 (заглушка).",
  "Термин 18": "Отраслевой термин №18 (заглушка).",
  "Термин 19": "Отраслевой термин №19 (заглушка).",
  "Термин 20": "Отраслевой термин №20 (заглушка).",
  "Термин 21": "Отраслевой термин №21 (заглушка).",
  "Термин 22": "Отраслевой термин №22 (заглушка).",
  "Термин 23": "Отраслевой термин №23 (заглушка).",
  "Термин 24": "Отраслевой термин №24 (заглушка).",
  "Термин 25": "Отраслевой термин №25 (заглушка).",
  "Термин 26": "Отраслевой термин №26 (заглушка).",
  "Термин 27": "Отраслевой термин №27 (заглушка).",
  "Термин 28": "Отраслевой термин №28 (заглушка).",
  "Термин 29": "Отраслевой термин №29 (заглушка).",
  "Термин 30": "Отраслевой термин №30 (заглушка).",
  "Термин 31": "Отраслевой термин №31 (заглушка).",
  "Термин 32": "Отраслевой термин №32 (заглушка).",
  "Термин 33": "Отраслевой термин №33 (заглушка).",
  "Термин 34": "Отраслевой термин №34 (заглушка).",
  "Термин 35": "Отраслевой термин №35 (заглушка).",
  "Термин 36": "Отраслевой термин №36 (заглушка).",
  "Термин 37": "Отраслевой термин №37 (заглушка).",
  "Термин 38": "Отраслевой термин №38 (заглушка).",
  "Термин 39": "Отраслевой термин №39 (заглушка).",
  "Термин 40": "Отраслевой термин №40 (заглушка).",
  "Термин 41": "Отраслевой термин №41 (заглушка).",
  "Термин 42": "Отраслевой термин №42 (заглушка).",
  "Термин 43": "Отраслевой термин №43 (заглушка).",
  "Термин 44": "Отраслевой термин №44 (заглушка).",
  "Термин 45": "Отраслевой термин №45 (заглушка).",
  "Термин 46": "Отраслевой термин №46 (заглушка).",
  "Термин 47": "Отраслевой термин №47 (заглушка).",
  "Термин 48": "Отраслевой термин №48 (заглушка).",
  "Термин 49": "Отраслевой термин №49 (заглушка).",
  "Термин 50": "Отраслевой термин №50 (заглушка).",
  "Термин 51": "Отраслевой термин №51 (заглушка).",
  "Термин 52": "Отраслевой термин №52 (заглушка).",
  "Термин 53": "Отраслевой термин №53 (заглушка).",
  "Термин 54": "Отраслевой термин №54 (заглушка).",
  "Термин 55": "Отраслевой термин №55 (заглушка).",
  "Термин 56": "Отраслевой термин №56 (заглушка).",
  "Термин 57": "Отраслевой термин №57 (заглушка).",
  "Термин 58": "Отраслевой термин №58 (заглушка).",
  "Термин 59": "Отраслевой термин №59 (заглушка).",
  "Термин 60": "Отраслевой термин №60 (заглушка).",
  "Термин 61": "Отраслевой термин №61 (заглушка).",
  "Термин 62": "Отраслевой термин №62 (заглушка).",
  "Термин 63": "Отраслевой термин №63 (заглушка).",
  "Термин 64": "Отраслевой термин №64 (заглушка).",
  "Термин 65": "Отраслевой термин №65 (заглушка).",
  "Термин 66": "Отраслевой термин №66 (заглушка).",
  "Термин 67": "Отраслевой термин №67 (заглушка).",
  "Термин 68": "Отраслевой термин №68 (заглушка).",
  "Термин 69": "Отраслевой термин №69 (заглушка).",
  "Термин 70": "Отраслевой термин №70 (заглушка).",
  "Термин 71": "Отраслевой термин №71 (заглушка).",
  "Термин 72": "Отраслевой термин №72 (заглушка).",
  "Термин 73": "Отраслевой термин №73 (заглушка).",
  "Термин 74": "Отраслевой термин №74 (заглушка).",
  "Термин 75": "Отраслевой термин №75 (заглушка).",
  "Термин 76": "Отраслевой термин №76 (заглушка).",
  "Термин 77": "Отраслевой термин №77 (заглушка).",
  "Термин 78": "Отраслевой термин №78 (заглушка).",
  "Термин 79": "Отраслевой термин №79 (заглушка).",
  "Термин 80": "Отраслевой термин №80 (заглушка).",
  "Термин 81": "Отраслевой термин №81 (заглушка).",
  "Термин 82": "Отраслевой термин №82 (заглушка).",
  "Термин 83": "Отраслевой термин №83 (заглушка).",
  "Термин 84": "Отраслевой термин №84 (заглушка).",
  "Термин 85": "Отраслевой термин №85 (заглушка).",
  "Термин 86": "Отраслевой термин №86 (заглушка).",
  "Термин 87": "Отраслевой термин №87 (заглушка).",
  "Термин 88": "Отраслевой термин №88 (заглушка).",
  "Термин 89": "Отраслевой термин №89 (заглушка).",
  "Термин 90": "Отраслевой термин №90 (заглушка).",
  "Термин 91": "Отраслевой термин №91 (заглушка).",
  "Термин 92": "Отраслевой термин №92 (заглушка).",
  "Термин 93": "Отраслевой термин №93 (заглушка).",
  "Термин 94": "Отраслевой термин №94 (заглушка).",
  "Термин 95": "Отраслевой термин №95 (заглушка).",
  "Термин 96": "Отраслевой термин №96 (заглушка).",
  "Термин 97": "Отраслевой термин №97 (заглушка).",
  "Термин 98": "Отраслевой термин №98 (заглушка).",
  "Термин 99": "Отраслевой термин №99 (заглушка).",
  "Термин 100": "Отраслевой термин №100 (заглушка).",
  "Термин 101": "Отраслевой термин №101 (заглушка).",
  "Термин 102": "Отраслевой термин №102 (заглушка).",
  "Термин 103": "Отраслевой термин №103 (заглушка).",
  "Термин 104": "Отраслевой термин №104 (заглушка).",
  "Термин 105": "Отраслевой термин №105 (заглушка).",
  "Термин 106": "Отраслевой термин №106 (заглушка).",
  "Термин 107": "Отраслевой термин №107 (заглушка).",
  "Термин 108": "Отраслевой термин №108 (заглушка).",
  "Термин 109": "Отраслевой термин №109 (заглушка).",
  "Термин 110": "Отраслевой термин №110 (заглушка).",
  "Термин 111": "Отраслевой термин №111 (заглушка).",
  "Термин 112": "Отраслевой термин №112 (заглушка).",
  "Термин 113": "Отраслевой термин №113 (заглушка).",
  "Термин 114": "Отраслевой термин №114 (заглушка).",
  "Термин 115": "Отраслевой термин №115 (заглушка).",
  "Термин 116": "Отраслевой термин №116 (заглушка).",
  "Термин 117": "Отраслевой термин №117 (заглушка).",
  "Термин 118": "Отраслевой термин №118 (заглушка).",
  "Термин 119": "Отраслевой термин №119 (заглушка).",
  "Термин 120": "Отраслевой термин №120 (заглушка).",
  "Термин 121": "Отраслевой термин №121 (заглушка).",
  "Термин 122": "Отраслевой термин №122 (заглушка).",
  "Термин 123": "Отраслевой термин №123 (заглушка).",
  "Термин 124": "Отраслевой термин №124 (заглушка).",
  "Термин 125": "Отраслевой термин №125 (заглушка).",
  "Термин 126": "Отраслевой термин №126 (заглушка).",
  "Термин 127": "Отраслевой термин №127 (заглушка).",
  "Термин 128": "Отраслевой термин №128 (заглушка).",
  "Термин 129": "Отраслевой термин №129 (заглушка).",
  "Термин 130": "Отраслевой термин №130 (заглушка).",
  "Термин 131": "Отраслевой термин №131 (заглушка).",
  "Термин 132": "Отраслевой термин №132 (заглушка).",
  "Термин 133": "Отраслевой термин №133 (заглушка).",
  "Термин 134": "Отраслевой термин №134 (заглушка).",
  "Термин 135": "Отраслевой термин №135 (заглушка).",
  "Термин 136": "Отраслевой термин №136 (заглушка).",
  "Термин 137": "Отраслевой термин №137 (заглушка).",
  "Термин 138": "Отраслевой термин №138 (заглушка).",
  "Термин 139": "Отраслевой термин №139 (заглушка).",
  "Термин 140": "Отраслевой термин №140 (заглушка).",
  "Термин 141": "Отраслевой термин №141 (заглушка).",
  "Термин 142": "Отраслевой термин №142 (заглушка).",
  "Термин 143": "Отраслевой термин №143 (заглушка).",
  "Термин 144": "Отраслевой термин №144 (заглушка).",
  "Термин 145": "Отраслевой термин №145 (заглушка).",
  "Термин 146": "Отраслевой термин №146 (заглушка).",
  "Термин 147": "Отраслевой термин №147 (заглушка).",
  "Термин 148": "Отраслевой термин №148 (заглушка).",
  "Термин 149": "Отраслевой термин №149 (заглушка).",
  "Термин 150": "Отраслевой термин №150 (заглушка).",
  "Термин 151": "Отраслевой термин №151 (заглушка).",
  "Термин 152": "Отраслевой термин №152 (заглушка).",
  "Термин 153": "Отраслевой термин №153 (заглушка).",
  "Термин 154": "Отраслевой термин №154 (заглушка).",
  "Термин 155": "Отраслевой термин №155 (заглушка).",
  "Термин 156": "Отраслевой термин №156 (заглушка).",
  "Термин 157": "Отраслевой термин №157 (заглушка).",
  "Термин 158": "Отраслевой термин №158 (заглушка).",
  "Термин 159": "Отраслевой термин №159 (заглушка).",
  "Термин 160": "Отраслевой термин №160 (заглушка).",
  "Термин 161": "Отраслевой термин №161 (заглушка).",
  "Термин 162": "Отраслевой термин №162 (заглушка).",
  "Термин 163": "Отраслевой термин №163 (заглушка).",
  "Термин 164": "Отраслевой термин №164 (заглушка).",
  "Термин 165": "Отраслевой термин №165 (заглушка).",
  "Термин 166": "Отраслевой термин №166 (заглушка).",
  "Термин 167": "Отраслевой термин №167 (заглушка).",
  "Термин 168": "Отраслевой термин №168 (заглушка).",
  "Термин 169": "Отраслевой термин №169 (заглушка).",
  "Термин 170": "Отраслевой термин №170 (заглушка).",
  "Термин 171": "Отраслевой термин №171 (заглушка).",
  "Термин 172": "Отраслевой термин №172 (заглушка).",
  "Термин 173": "Отраслевой термин №173 (заглушка).",
  "Термин 174": "Отраслевой термин №174 (заглушка).",
  "Термин 175": "Отраслевой термин №175 (заглушка).",
  "Термин 176": "Отраслевой термин №176 (заглушка).",
  "Термин 177": "Отраслевой термин №177 (заглушка).",
  "Термин 178": "Отраслевой термин №178 (заглушка).",
  "Термин 179": "Отраслевой термин №179 (заглушка).",
  "Термин 180": "Отраслевой термин №180 (заглушка).",
  "Термин 181": "Отраслевой термин №181 (заглушка).",
  "Термин 182": "Отраслевой термин №182 (заглушка).",
  "Термин 183": "Отраслевой термин №183 (заглушка).",
  "Термин 184": "Отраслевой термин №184 (заглушка).",
  "Термин 185": "Отраслевой термин №185 (заглушка).",
  "Термин 186": "Отраслевой термин №186 (заглушка).",
  "Термин 187": "Отраслевой термин №187 (заглушка).",
  "Термин 188": "Отраслевой термин №188 (заглушка).",
  "Термин 189": "Отраслевой термин №189 (заглушка).",
  "Термин 190": "Отраслевой термин №190 (заглушка).",
  "АЭС": "Атомная электростанция.",
  "АСУ ТП": "Автоматизированная система управления технологическим процессом.",
  "РЗА": "Релейная защита и автоматика.",
  "СЗИ": "Средства защиты информации.",
  "НДА": "Нормативно-директивные акты.",
  "НПА": "Нормативно-правовой акт.",
  "НРБ-99/2009": "Нормы радиационной безопасности.",
  "ОСПОРБ-99/2010": "Основные санитарные правила обеспечения радиационной безопасности.",
  "ПНАЭ Г": "Правила и нормы в атомной энергетике.",
  "Ростехнадзор": "Федеральная служба по экологическому, технологическому и атомному надзору.",
  "Росатом": "Государственная корпорация по атомной энергии.",
  "ТУ": "Технические условия.",
  "ТЗ": "Техническое задание.",
  "СРО": "Саморегулируемая организация.",
  "САПР": "Система автоматизированного проектирования.",
  "СУИБ": "Система управления информационной безопасностью.",
  "СОРМ": "Система оперативно-разыскных мероприятий.",
  "ЛНА": "Локально-нормативный акт организации.",
  "ГК Росатом": "Госкорпорация «Росатом».",
  "СНиП": "Строительные нормы и правила.",
  "ППР": "Проект производства работ.",
  "ППРЧ": "Перестройка частоты (радио).",
  "СЗЗ": "Санитарно-защитная зона.",
  "ЗНО": "Зона наблюдения.",
  "ЗПУ": "Запорно-пломбировочное устройство.",
  "ГОСТ": "Государственный стандарт.",
  "ISO 9001": "Система менеджмента качества.",
  "ИСО 27001": "Система менеджмента информационной безопасности.",
  "ИБ": "Информационная безопасность.",
  "КИИ": "Объекты критической информационной инфраструктуры.",
  "ФСТЭК": "Федеральная служба по техническому и экспортному контролю.",
  "ФСБ": "Федеральная служба безопасности.",
  "СПО": "Свободное программное обеспечение.",
  "ЕСКД": "Единая система конструкторской документации.",
  "ЕСТД": "Единая система технологической документации.",
  "АС": "Автоматическая система/аппаратная часть; контекстно.",
  "ВПР": "Внутризаводская проверка/выпуск; контекстно.",
  "ИТП": "Индивидуальный тепловой пункт.",
  "ТГА": "Техническое государственное принятие/аттестация; контекстно.",
  "ОТ и ТБ": "Охрана труда и техника безопасности."
}